Class,the,and,it,that,CLASS63,CLASS1269,CLASS2232,CLASS2380,CLASS2479,CLASS2486,CLASS2487,CLASS2521,CLASS2537,CLASS2541,CLASS2557,CLASS2558,CLASS2559,CLASS2561,CLASS2562,CLASS2563,CLASS2567,CLASS2571,CLASS2573,CLASS2574,CLASS2575,CLASS2576,CLASS2579,CLASS2580,CLASS2581,CLASS2583,CLASS2585,CLASS2589,CLASS2590,CLASS2591,CLASS2598,CLASS2600,CLASS2601,CLASS2602,CLASS2604,CLASS2605,CLASS2606,CLASS2607,CLASS2608,CLASS2610,CLASS2612,CLASS2613,CLASS2614,CLASS2615,CLASS2616,CLASS2617
CC,0,100.0,0,0,0,0,0,0,0,0,0,0,0,0,0,0,0,0,0,0,0,0,0,0,0.8771929824561403,0,0,0,0,0,0,0,0,0,0,0,0,1.3237063778580023,0,0,0,0,0,0,0,0,0,0,7.317073170731707,12.509144111192391
CD,0,0,0,0,0,0,0,2.0361990950226243,0,0,0,8.61344537815126,0,0,0,0,0,0,0,0,0,0,0,0,0,0,0,0,0,0,0,2.608695652173913,0,0,0,0,0,0,3.5409035409035408,0,0,0.5424954792043399,0,13.147914032869783,0,0,0,0,0.5628517823639775,0
DT,100.0,0,0,0,0,0,0,0,100.0,0,0,0,0,0,0,0,0,0,0,0,0,64.85714285714286,0,0,19.956140350877195,0,0,0,4.411764705882353,0,0,3.768115942028986,0,0,46.37002341920375,0,0,0,0,0,2.259332023575639,0,0,1.1378002528445006,0,0,0,0,0,0.8046817849305048
EX,0,0,0,0,0,0,0,0,0,0,0,0,0,0,0,0,0,0,0,0,0,0,0,0,0,0,0,0,22.35294117647059,0,0,0,0,0,0,0,0,0,0,0,0,0,0,0,0,0,0,0,0,0
FW,0,0,0,0,0,0,0,0,0,0,0,0,0,0,0,0,0,0,0,0,0,0,0,0,0,0,0,0,0,0,0,0,0,0,0,0,0,0,0,0,0.19646365422396855,0,0,0,0,0,0,0,0,0
IN,0,0,0,100.0,0,99.22928709055877,0,0,0,0,2.5547445255474455,0,0,0,0,0,0,53.20754716981132,0,0,0,0,0,0,0.43859649122807015,0,0,0.5270092226613966,0,0,100.0,0,0,0.7153075822603719,31.147540983606557,0,0,9.265944645006016,0,35.338345864661655,0.3929273084479371,0,0,0,0,0,73.05699481865285,0,12.007504690431519,32.04096561814191
JJ,0,0,0,0,0,0,0,0,0,3.571428571428571,4.37956204379562,5.6722689075630255,3.2327586206896552,1.461988304093567,28.333333333333332,0,0.6651884700665188,16.22641509433962,0,2.0289855072463765,14.831460674157304,9.714285714285714,2.9585798816568047,53.125,0,0,0.6153846153846154,1.844532279314888,0,23.065693430656932,0,9.565217391304348,0.33726812816188867,10.44349070100143,1.405152224824356,5.897114178168131,21.91435768261965,0.24067388688327318,5.738705738705739,1.2030075187969926,7.662082514734774,5.244122965641953,7.7834179357022,0,66.33825944170772,10.146699266503667,0.5181347150259068,0,0.5628517823639775,0.2926115581565472
JJR,0,0,0,0,0,0,0,0,0,0,0,0.42016806722689076,0,0,0,0,0,0,0,0,0,0,0,0,0.43859649122807015,0,0,0,0,0,0,0,0,1.7167381974248928,0,0,0,0,0.3663003663003663,0,6.974459724950884,2.7124773960216997,0,0,0,0,0,0,0,0
JJS,0,0,0,0,0,0,0,0,0,0,0,0,0,0,0,0,0,0,0,0.5797101449275363,0,2.857142857142857,0,5.208333333333334,0,0,0,0,0,0,0,0,0,0.28612303290414876,0,0.5018820577164366,0,0,0.4884004884004884,0,0.19646365422396855,0,0,0,0.3284072249589491,0.6112469437652812,0,0,0,0.1463057790782736
MD,0,0,0,0,0,0,0,0,0,0,0,0,0,0,0,74.28571428571429,0,0,0,0,3.3707865168539324,0,0,0,0,0,24.0,0,0,0,0,0,5.733558178752108,0,0,0,0,0,0,0,0,5.063291139240507,0,0,0,0,0,0,0,0
NN,0,0,0,0,0,0,0,8.3710407239819,0,12.5,0.7299270072992701,8.61344537815126,6.25,9.35672514619883,1.0,0,0,0,0,37.68115942028986,13.258426966292136,4.285714285714286,26.429980276134124,0,12.06140350877193,1.7518248175182483,0,1.0540184453227932,1.4705882352941175,65.985401459854,0,14.492753623188406,1.6863406408094435,48.497854077253216,1.405152224824356,64.74278544542032,4.282115869017632,0.36101083032490977,68.00976800976801,8.571428571428571,44.00785854616896,5.605786618444846,3.7225042301184432,0,3.6124794745484397,32.76283618581907,1.6580310880829014,0,9.287054409005629,3.584491587417703
NNP,0,0,0,0,0,0,0,89.14027149321268,0,6.785714285714286,0,18.487394957983195,0,0.5847953216374269,0,0,0,1.509433962264151,0,42.89855072463768,0.44943820224719105,0.8571428571428572,5.128205128205128,34.72222222222222,44.95614035087719,0.291970802919708,0,0.2635046113306983,0,2.335766423357664,0,5.797101449275362,2.866779089376054,3.719599427753934,1.1709601873536302,1.631116687578419,0,1.5643802647412757,2.31990231990232,0,21.807465618860512,0.3616636528028933,0.8460236886632826,0,1.3136288998357963,37.89731051344744,0.41450777202072536,1.4157014157014158,0.8442776735459663,0.7315288953913679
NNPS,0,0,0,0,0,0,0,0,0,0,0,0,0,0.5847953216374269,0,0,0,0,0,0,0,0,0,0,0,0,0,0,0,0,0,0,0,0.28612303290414876,0,0,0,0,0,0,0,0,0,0,0,0.24449877750611246,0,0,0,0
NNS,0,0,0,0,0,0,0,0,0,2.142857142857143,0,1.2605042016806722,14.00862068965517,2.3391812865497075,1.0,0,3.9911308203991127,1.8867924528301887,0,7.246376811594203,1.7977528089887642,3.1428571428571432,17.357001972386588,0,0.6578947368421052,0,0,0,0,2.335766423357664,0,13.623188405797102,0,18.025751072961373,0.468384074941452,20.075282308657467,1.0075566750629723,0.9626955475330927,8.302808302808302,2.1052631578947367,7.760314341846758,0,2.3688663282571913,0,0,11.124694376528117,0,0.2574002574002574,0.5628517823639775,0.36576444769568395
PRP,0,0,100.0,0,0,0,95.06493506493506,0,0,0,0,0,22.844827586206897,0,0,0,0,0,0,0,1.7977528089887642,0,29.191321499013807,0,0,96.78832116788321,0,0,38.529411764705884,0,0,1.1594202898550725,0,0,0,0,0,0,0,0,0,0,0,10.619469026548673,0,0,0,56.113256113256114,0,0
PRP$,0,0,0,0,0,0,0,0,0,0,0,0,0,0,0,0,0,0,0,0,0,0,0,3.125,0,0,0,0,0,0,0,0,0,0,0,0,0,0,0,0,0,0,0,73.19848293299621,0,0,0,0,0,0
RB,0,0,0,0,0,0,4.935064935064935,0,0,28.92857142857143,2.9197080291970803,35.714285714285715,1.9396551724137931,0,67.0,1.5873015873015872,5.764966740576496,5.283018867924529,0.576923076923077,1.4492753623188406,2.0224719101123596,10.0,0.39447731755424065,0,4.385964912280701,0,0,20.685111989459813,0.5882352941176471,1.313868613138686,0,7.536231884057972,1.1804384485666104,2.0028612303290414,0.468384074941452,1.0037641154328731,56.92695214105793,0.36101083032490977,1.465201465201465,6.917293233082707,1.768172888015717,30.37974683544304,32.82571912013537,0,24.958949096880133,0,0.41450777202072536,0,0.8442776735459663,24.433065106071687
RBR,0,0,0,0,0,0,0,0,0,0,0,0,0,0,0,0,0,0,0,0,0.44943820224719105,0,0.39447731755424065,0,0,0,0,0,0,0,0,0,0,0,0,0,0,0,0,0,0,0,0,0,0,0,0,0,0,0
RBS,0,0,0,0,0,0,0,0,0,0,0,0,0,0,0,0,0,0,0,0,0,0,0,0,0,0,0,0,0,0,0,0,0,0,0,0,0,0,1.098901098901099,0,0,0,0,0,0,0,0,0,0,0
RP,0,0,0,0,0,0,0,0,0,0,0,0,0,0,0,0,0,0,0,0,0,0,0,0,0,0,0,0,0,0,0,0,0,0,0,0,0,0,0,41.65413533834587,0,0,0,0,0,0,12.227979274611398,0,0,0
TO,0,0,0,0,99.72677595628416,0,0,0,0,0,0,0,0,0,0,0,0,0,0,0,0,0,0,0,0,0,0,0,0,0,0,0,0,0,0,0,0,0,0,0,0,0,0,0,0,0,0,0,0,0
UH,0,0,0,0,0,0,0,0,0,0,0,1.050420168067227,0,0,0,0,0,0,0,0,0,0,0,0,3.070175438596491,0,0,0,0,0,0,0,0,0,0,0,0,0,0,0,0,0,0,0,0,0,0,0,0,0
VB,0,0,0,0,0,0.3853564547206166,0,0,0,1.4285714285714286,0.7299270072992701,1.2605042016806722,44.827586206896555,1.1695906432748537,0,0,0.4434589800443459,1.509433962264151,0,0,2.9213483146067416,0,0,0,0,0,0,1.0540184453227932,0,0,0,3.4782608695652173,35.91905564924115,0.7153075822603719,2.810304449648712,0,0.7556675062972292,0.36101083032490977,1.465201465201465,0,0,9.764918625678119,0,0,0.49261083743842365,0,0.41450777202072536,0.6435006435006435,60.131332082551594,1.2435991221653255
VBD,0,0,0,0,0,0,0,0,0,36.78571428571429,15.328467153284672,4.201680672268908,1.293103448275862,63.1578947368421,0,0,65.6319290465632,6.7924528301886795,92.11538461538461,1.1594202898550725,25.168539325842698,0,0.7889546351084813,0,0,0,75.38461538461539,53.49143610013175,0,0.583941605839416,0,5.797101449275362,2.5295109612141653,2.7181688125894135,3.51288056206089,0.37641154328732745,1.7632241813602016,74.12755716004813,0.3663003663003663,0,1.9646365422396856,1.9891500904159132,1.6920473773265652,0,0,0.4889975550122249,1.2435233160621761,0,1.7823639774859286,0
VBG,0,0,0,0,0,0.3853564547206166,0,0.4524886877828055,0,2.857142857142857,1.824817518248175,2.941176470588235,0,9.941520467836257,0,0.9523809523809524,19.290465631929045,1.509433962264151,0,2.608695652173913,13.93258426966292,3.1428571428571432,11.834319526627219,0,0.8771929824561403,0,0,1.9762845849802373,0,0.7299270072992701,0,22.608695652173914,2.1922428330522767,1.859799713876967,8.430913348946136,1.7565872020075282,4.030226700251889,0.601684717208183,1.8315018315018317,0.9022556390977444,0.68762278978389,0,29.103214890016922,0.37926675094816686,0,0.6112469437652812,9.22279792746114,0,3.8461538461538463,0.6583760058522311
VBN,0,0,0,0,0,0,0,0,0,0,2.5547445255474455,8.823529411764707,1.0775862068965518,5.847953216374268,0.6666666666666667,0,2.6607538802660753,6.7924528301886795,0,0.5797101449275363,6.51685393258427,0,1.9723865877712032,0,1.5350877192982455,0,0,14.09749670619236,0,1.6058394160583942,0,1.4492753623188406,1.5177065767284992,1.4306151645207439,0,0,3.27455919395466,0,1.3431013431013432,2.706766917293233,0.3929273084479371,0,19.627749576988155,0,0,0.4889975550122249,0.20725388601036268,0,0.7504690431519699,0
VBP,0,0,0,0,0,0,0,0,0,0,0,0.42016806722689076,2.1551724137931036,0.5847953216374269,0,0.9523809523809524,0,2.2641509433962264,2.1153846153846154,0,6.51685393258427,0,0,0,0,0,0,0,0,0,0,0,41.8212478920742,0,1.873536299765808,0,0.7556675062972292,0.36101083032490977,0,0.30075187969924816,0.19646365422396855,17.17902350813743,0,0,0,0.36674816625916873,0.20725388601036268,0,0.5628517823639775,0
VBZ,0,0,0,0,0,0,0,0,0,1.7857142857142856,60.21897810218978,0.42016806722689076,0,1.461988304093567,1.3333333333333335,0,0,1.509433962264151,0.38461538461538464,0,2.4719101123595504,0,0.7889546351084813,0,0,0,0,3.557312252964427,0,0,0,1.1594202898550725,0,0.28612303290414876,0.936768149882904,1.3801756587202008,1.5113350125944585,0,0.6105006105006106,0,0,0,0.8460236886632826,0,0,0,0,0,0,0
WDT,0,0,0,0,0,0,0,0,0,1.4285714285714286,0,0,0,0,0,0,0,0,0,0,0,0,0,0,0,0,0,0,14.705882352941178,0,0,0,0,0,0,0,0,0,0,0,0,0,0,0,0,0,0,0,0,0
WP,0,0,0,0,0,0,0,0,0,0,0,0,0,0,0,0,0,0,0,0,0,0,0,0,0,0,0,0,17.941176470588236,0,0,0,0,0,0,0,0,0,0,0,0,0,0,0,0,0,0,0,0,10.02194586686174
WP$,0,0,0,0,0,0,0,0,0,1.0714285714285714,0,0,0,0,0,0,0,0,0,0,0,0,0,0,0,0,0,0,0,0,0,0,0,0,0,0,0,0,0,0,0,0,0,0,0,0,0,0,0,0
WRB,0,0,0,0,0,0,0,0,0,0,0,0,0,0,0,0,0,0,0,0,0,0,0,0,8.991228070175438,0,0,0,0,0,0,0,0,0,0,0,0,0,0,0,0,0.3616636528028933,0,0,0,0,0,0,0,11.923920994879298

Focus,0,0,0,0,99.45355191256833,98.84393063583816,90.12987012987014,85.79365304771184,0,41.69306523046354,57.57279187084118,36.51665591990964,44.646933736073,60.90784986469428,67.17528205015977,70.85661659928601,63.14576260924113,51.18170548426018,90.23104793713924,51.01092433720771,27.36199770862788,61.280386048765344,36.28348281685964,50.98258106972289,45.52195285520283,95.72528194672127,66.24823320185125,53.51482837752,36.078697782477605,65.342656372044,0,23.07175228450966,49.26978307518337,48.633761991843905,51.04522040298419,63.64324105010278,56.274768847522914,72.83675292480031,66.27303992339006,48.527024870302135,45.592359107903,33.17655885408959,39.37739177557849,69.11496446783238,64.97824167837287,45.18754809835805,71.93869885379401,59.992278047497486,58.7733111643188,37.79186501457828

Adjective,0,0,0,0,0,0,0,0,0,3.571428571428571,4.37956204379562,6.0924369747899165,3.2327586206896552,1.461988304093567,28.333333333333332,0,0.6651884700665188,16.22641509433962,0,2.6086956521739126,14.831460674157304,12.571428571428571,2.9585798816568047,58.333333333333336,0.43859649122807015,0,0.6153846153846154,1.844532279314888,0,23.065693430656932,0,9.565217391304348,0.33726812816188867,12.44635193133047,1.405152224824356,6.398996235884567,21.91435768261965,0.24067388688327318,6.593406593406593,1.2030075187969926,14.833005893909625,7.956600361663653,7.7834179357022,0,66.66666666666667,10.757946210268948,0.5181347150259068,0,0.5628517823639775,0.43891733723482085
Adverb,0,0,0,0,0,0,4.935064935064935,0,0,28.92857142857143,2.9197080291970803,35.714285714285715,1.9396551724137931,0,67.0,1.5873015873015872,5.764966740576496,5.283018867924529,0.576923076923077,1.4492753623188406,2.471910112359551,10.0,0.7889546351084813,0,13.37719298245614,0,0,20.685111989459813,0.5882352941176471,1.313868613138686,0,7.536231884057972,1.1804384485666104,2.0028612303290414,0.468384074941452,1.0037641154328731,56.92695214105793,0.36101083032490977,2.564102564102564,6.917293233082707,1.768172888015717,30.741410488245933,32.82571912013537,0,24.958949096880133,0,0.41450777202072536,0,0.8442776735459663,36.356986100950984
Conjunction,0,100.0,0,0,0,0,0,0,0,0,0,0,0,0,0,0,0,0,0,0,0,0,0,0,0.8771929824561403,0,0,0,0,0,0,0,0,0,0,0,0,1.3237063778580023,0,0,0,0,0,0,0,0,0,0,7.317073170731707,12.509144111192391
Determiner,100.0,0,0,0,0,0,0,0,100.0,1.4285714285714286,0,0,0,0,0,0,0,0,0,0,0,64.85714285714286,0,0,19.956140350877195,0,0,0,19.11764705882353,0,0,3.768115942028986,0,0,46.37002341920375,0,0,0,0,0,2.259332023575639,0,0,1.1378002528445006,0,0,0,0,0,0.8046817849305048
GrammarOther,0,0,0,0,0,0,0,0,0,0,0,0,0,0,0,74.28571428571429,0,0,0,0,3.3707865168539324,0,0,0,0,0,24.0,0,22.35294117647059,0,0,0,5.733558178752108,0,0,0,0,0,0,41.65413533834587,0,5.063291139240507,0,0,0,0,12.227979274611398,0,0,0
Noun,0,0,0,0,0,0,0,97.51131221719459,0,21.428571428571427,0.7299270072992701,28.361344537815125,20.25862068965517,12.865497076023392,2.0,0,3.9911308203991127,3.3962264150943398,0,87.82608695652173,15.505617977528091,8.285714285714285,48.91518737672584,34.72222222222222,57.675438596491226,2.0437956204379564,0,1.3175230566534915,1.4705882352941175,70.65693430656934,0,33.913043478260875,4.5531197301854975,70.52932761087267,3.044496487119438,86.4491844416562,5.289672544080604,2.888086642599278,78.63247863247864,10.676691729323307,73.57563850687623,5.967450271247739,6.937394247038917,0,4.926108374384236,82.02933985330073,2.0725388601036268,1.6731016731016732,10.694183864915573,4.6817849305047545
Other,0,0,0,0,0,0,0,2.0361990950226243,0,0,0,9.663865546218487,0,0,0,0,0,0,0,0,0,0,0,0,3.070175438596491,0,0,0,0,0,0,2.608695652173913,0,0,0,0,0,0,3.5409035409035408,0,0.19646365422396855,0.5424954792043399,0,13.147914032869783,0,0,0,0,0.5628517823639775,0
Preposition,0,0,0,100.0,99.72677595628416,99.22928709055877,0,0,0,0,2.5547445255474455,0,0,0,0,0,0,53.20754716981132,0,0,0,0,0,0,0.43859649122807015,0,0,0.5270092226613966,0,0,100.0,0,0,0.7153075822603719,31.147540983606557,0,0,9.265944645006016,0,35.338345864661655,0.3929273084479371,0,0,0,0,0,73.05699481865285,0,12.007504690431519,32.04096561814191
Pronoun,0,0,100.0,0,0,0,95.06493506493506,0,0,1.0714285714285714,0,0,22.844827586206897,0,0,0,0,0,0,0,1.7977528089887642,0,29.191321499013807,3.125,0,96.78832116788321,0,0,56.470588235294116,0,0,1.1594202898550725,0,0,0,0,0,0,0,0,0,0,0,83.81795195954489,0,0,0,56.113256113256114,0,10.02194586686174
Verb,0,0,0,0,0,0.7707129094412332,0,0.4524886877828055,0,42.85714285714286,80.65693430656934,18.067226890756302,49.35344827586208,82.16374269005847,2.0,1.9047619047619049,88.02660753880266,20.37735849056604,94.61538461538461,4.3478260869565215,57.52808988764045,3.1428571428571432,15.384615384615385,0,2.4122807017543857,0,75.38461538461539,74.17654808959156,0,2.9197080291970803,0,34.492753623188406,83.97976391231029,7.010014306151645,17.56440281030445,3.5131744040150563,12.090680100755668,75.45126353790614,5.616605616605616,3.9097744360902253,3.2416502946954813,28.933092224231462,51.26903553299492,0.37926675094816686,0.49261083743842365,1.9559902200488999,11.29533678756477,0.6435006435006435,67.07317073170731,1.9019751280175567

Focus,100.0,100.0,100.0,100.0,100.0,99.1466109405063,94.64375746751973,97.25571598789531,100.0,49.37602710224107,87.28191870790498,42.7765895689715,53.213705140563896,84.53042841019742,69.69102008550266,95.05765219086192,88.48176488073744,54.35108950550922,99.32842548112978,90.42701770778294,59.21464743927106,63.67162734152867,54.69076275597895,66.6020139437998,58.3219437374578,97.72389360557709,76.44329005443072,75.36065675529501,58.27687166986829,72.78617256658815,100.0,45.94578479776946,86.58432486818177,74.76557661174793,52.07173921707815,87.81737186884409,59.69351777261818,83.14697627189769,79.43348888716989,49.233550996439014,75.27111747797112,47.60795596716388,56.83062996373172,84.48062838377159,69.97454149362324,85.8254216775419,72.00342065682857,95.63925238747085,65.86024279264426,43.441495625069884

