Class,the,and,CLASS63,CLASS1269,CLASS2232,CLASS2380,CLASS2479,CLASS2521,CLASS2537,CLASS2562,CLASS2563,CLASS2567,CLASS2571,CLASS2573,CLASS2575,CLASS2583,CLASS2585,CLASS2589,CLASS2590,CLASS2591,CLASS2598,CLASS2600,CLASS2602,CLASS2604,CLASS2605,CLASS2606,CLASS2608,CLASS2610,CLASS2612,CLASS2615,CLASS2616,CLASS2617,CLASS2618,CLASS2620,CLASS2621,CLASS2622,CLASS2624,CLASS2625,CLASS2626,CLASS2627
CC,0,100.0,0,0,0,0,0,0,0,0,0,0,0,0,0.8771929824561403,0,0,0,0,0,0,0,1.3237063778580023,0,0,0,0,0,0,0,7.317073170731707,12.509144111192391,0,0,0,0,0,0,0,0
CD,0,0,0,0,0,2.0361990950226243,0,8.61344537815126,0,0,0,0,0,0,0,0,0,2.608695652173913,0,0,0,0,0,3.5409035409035408,0,0,0,13.147914032869783,0,0,0.5628517823639775,0,0,0,0,0,0.3456221198156682,0,0,0
DT,100.0,0,0,0,0,0,100.0,0,0,0,0,0,64.85714285714286,0,19.956140350877195,0,0,3.768115942028986,0,0,46.37002341920375,0,0,0,0,2.259332023575639,0,1.1378002528445006,0,0,0,0.8046817849305048,0,0,0,0,0,0,1.1320754716981132,0
EX,0,0,0,0,0,0,0,0,0,0,0,0,0,0,0,0,0,0,0,0,0,0,0,0,0,0,0,0,0,0,0,0,0,0,0,0,0,0,5.735849056603773,0
FW,0,0,0,0,0,0,0,0,0,0,0,0,0,0,0,0,0,0,0,0,0,0,0,0,0,0.19646365422396855,0,0,0,0,0,0,0,0,0,0,0,0,0,0
IN,0,0,0,99.22928709055877,0,0,0,0,0,0,0,0,0,0,0.43859649122807015,0,100.0,0,0,0.7153075822603719,31.147540983606557,0,9.265944645006016,0,35.338345864661655,0.3929273084479371,0,0,0,0,12.007504690431519,32.04096561814191,68.78048780487805,0,34.69135802469136,0,0,0.8100147275405009,0,0
JJ,0,0,0,0,0,0,0,5.6722689075630255,3.2327586206896552,0,2.0289855072463765,14.831460674157304,9.714285714285714,2.9585798816568047,0,23.065693430656932,0,9.565217391304348,0.33726812816188867,10.44349070100143,1.405152224824356,5.897114178168131,0.24067388688327318,5.738705738705739,1.2030075187969926,7.662082514734774,7.7834179357022,0,66.33825944170772,0,0.5628517823639775,0.2926115581565472,3.902439024390244,14.32791728212703,0,21.338155515370705,3.3410138248847927,2.0618556701030926,6.415094339622642,1.008827238335435
JJR,0,0,0,0,0,0,0,0.42016806722689076,0,0,0,0,0,0,0.43859649122807015,0,0,0,0,1.7167381974248928,0,0,0,0.3663003663003663,0,6.974459724950884,0,0,0,0,0,0,0,0,0,0,1.7281105990783412,0,0,0
JJS,0,0,0,0,0,0,0,0,0,0,0.5797101449275363,0,2.857142857142857,0,0,0,0,0,0,0.28612303290414876,0,0.5018820577164366,0,0.4884004884004884,0,0.19646365422396855,0,0,0.3284072249589491,0,0,0.1463057790782736,0,0,0,1.8083182640144666,0,0,0,0
MD,0,0,0,0,0,0,0,0,0,0,0,3.3707865168539324,0,0,0,0,0,0,5.733558178752108,0,0,0,0,0,0,0,0,0,0,0,0,0,0,0,0,0,30.184331797235025,5.743740795287187,0,0
NN,0,0,0,0,0,8.3710407239819,0,8.61344537815126,6.25,0,37.68115942028986,13.258426966292136,4.285714285714286,26.429980276134124,12.06140350877193,65.985401459854,0,14.492753623188406,1.6863406408094435,48.497854077253216,1.405152224824356,64.74278544542032,0.36101083032490977,68.00976800976801,8.571428571428571,44.00785854616896,3.7225042301184432,0,3.6124794745484397,0,9.287054409005629,3.584491587417703,1.3008130081300813,7.680945347119645,0,24.23146473779385,3.571428571428571,0.7363770250368188,1.509433962264151,4.03530895334174
NNP,0,0,0,0,0,89.14027149321268,0,18.487394957983195,0,0,42.89855072463768,0.44943820224719105,0.8571428571428572,5.128205128205128,44.95614035087719,2.335766423357664,0,5.797101449275362,2.866779089376054,3.719599427753934,1.1709601873536302,1.631116687578419,1.5643802647412757,2.31990231990232,0,21.807465618860512,0.8460236886632826,0,1.3136288998357963,1.4157014157014158,0.8442776735459663,0.7315288953913679,0.6504065040650406,2.806499261447563,0,37.070524412296564,0.2304147465437788,0.14727540500736377,0.1509433962264151,0.25220680958385877
NNPS,0,0,0,0,0,0,0,0,0,0,0,0,0,0,0,0,0,0,0,0.28612303290414876,0,0,0,0,0,0,0,0,0,0,0,0,0,0,0,0.18083182640144665,0,0,0,0.25220680958385877
NNS,0,0,0,0,0,0,0,1.2605042016806722,14.00862068965517,0,7.246376811594203,1.7977528089887642,3.1428571428571432,17.357001972386588,0.6578947368421052,2.335766423357664,0,13.623188405797102,0,18.025751072961373,0.468384074941452,20.075282308657467,0.9626955475330927,8.302808302808302,2.1052631578947367,7.760314341846758,2.3688663282571913,0,0,0.2574002574002574,0.5628517823639775,0.36576444769568395,0.40650406504065045,1.4771048744460855,0,8.227848101265822,0,0,0.22641509433962265,3.278688524590164
PRP,0,0,0,0,95.06493506493506,0,0,0,22.844827586206897,0,0,1.7977528089887642,0,29.191321499013807,0,0,0,1.1594202898550725,0,0,0,0,0,0,0,0,0,10.619469026548673,0,56.113256113256114,0,0,0,0,65.30864197530865,0,0,0,59.924528301886795,0
PRP$,0,0,0,0,0,0,0,0,0,0,0,0,0,0,0,0,0,0,0,0,0,0,0,0,0,0,0,73.19848293299621,0,0,0,0,0,0,0,0.81374321880651,0,0,0,0
RB,0,0,0,0,4.935064935064935,0,0,35.714285714285715,1.9396551724137931,0.576923076923077,1.4492753623188406,2.0224719101123596,10.0,0.39447731755424065,4.385964912280701,1.313868613138686,0,7.536231884057972,1.1804384485666104,2.0028612303290414,0.468384074941452,1.0037641154328731,0.36101083032490977,1.465201465201465,6.917293233082707,1.768172888015717,32.82571912013537,0,24.958949096880133,0,0.8442776735459663,24.433065106071687,1.4634146341463417,45.347119645494836,0,0,19.930875576036865,12.15022091310751,15.320754716981133,3.278688524590164
RBR,0,0,0,0,0,0,0,0,0,0,0,0.44943820224719105,0,0.39447731755424065,0,0,0,0,0,0,0,0,0,0,0,0,0,0,0,0,0,0,0,0,0,0,0,0,0,0
RBS,0,0,0,0,0,0,0,0,0,0,0,0,0,0,0,0,0,0,0,0,0,0,0,1.098901098901099,0,0,0,0,0,0,0,0,0,0,0,0,0,0,0,0
RP,0,0,0,0,0,0,0,0,0,0,0,0,0,0,0,0,0,0,0,0,0,0,0,0,41.65413533834587,0,0,0,0,0,0,0,9.59349593495935,0,0,0,0,0,0,0
TO,0,0,99.72677595628416,0,0,0,0,0,0,0,0,0,0,0,0,0,0,0,0,0,0,0,0,0,0,0,0,0,0,0,0,0,0,0,0,0,0,0,0,0
UH,0,0,0,0,0,0,0,1.050420168067227,0,0,0,0,0,0,3.070175438596491,0,0,0,0,0,0,0,0,0,0,0,0,0,0,0,0,0,0,0,0,0,0,0,0,0
VB,0,0,0,0.3853564547206166,0,0,0,1.2605042016806722,44.827586206896555,0,0,2.9213483146067416,0,0,0,0,0,3.4782608695652173,35.91905564924115,0.7153075822603719,2.810304449648712,0,0.36101083032490977,1.465201465201465,0,0,0,0,0.49261083743842365,0.6435006435006435,60.131332082551594,1.2435991221653255,0.6504065040650406,1.03397341211226,0,0,6.221198156682028,0.7363770250368188,0,0.7566204287515763
VBD,0,0,0,0,0,0,0,4.201680672268908,1.293103448275862,92.11538461538461,1.1594202898550725,25.168539325842698,0,0.7889546351084813,0,0.583941605839416,0,5.797101449275362,2.5295109612141653,2.7181688125894135,3.51288056206089,0.37641154328732745,74.12755716004813,0.3663003663003663,0,1.9646365422396856,1.6920473773265652,0,0,0,1.7823639774859286,0,2.4390243902439024,16.248153618906944,0,0.3616636528028933,1.2672811059907834,51.03092783505154,0,64.56494325346785
VBG,0,0,0,0.3853564547206166,0,0.4524886877828055,0,2.941176470588235,0,0,2.608695652173913,13.93258426966292,3.1428571428571432,11.834319526627219,0.8771929824561403,0.7299270072992701,0,22.608695652173914,2.1922428330522767,1.859799713876967,8.430913348946136,1.7565872020075282,0.601684717208183,1.8315018315018317,0.9022556390977444,0.68762278978389,29.103214890016922,0.37926675094816686,0,0,3.8461538461538463,0.6583760058522311,7.560975609756097,3.5450516986706058,0,0.45207956600361665,0.3456221198156682,1.4727540500736376,0,15.258511979823455
VBN,0,0,0,0,0,0,0,8.823529411764707,1.0775862068965518,0,0.5797101449275363,6.51685393258427,0,1.9723865877712032,1.5350877192982455,1.6058394160583942,0,1.4492753623188406,1.5177065767284992,1.4306151645207439,0,0,0,1.3431013431013432,2.706766917293233,0.3929273084479371,19.627749576988155,0,0,0,0.7504690431519699,0,1.6260162601626018,1.9202363367799113,0,0.3616636528028933,0,8.394698085419734,0.1509433962264151,4.03530895334174
VBP,0,0,0,0,0,0,0,0.42016806722689076,2.1551724137931036,2.1153846153846154,0,6.51685393258427,0,0,0,0,0,0,41.8212478920742,0,1.873536299765808,0,0.36101083032490977,0,0.30075187969924816,0.19646365422396855,0,0,0,0,0.5628517823639775,0,0.6504065040650406,0.4431314623338257,0,0.27124773960216997,11.29032258064516,0,0,0.25220680958385877
VBZ,0,0,0,0,0,0,0,0.42016806722689076,0,0.38461538461538464,0,2.4719101123595504,0,0.7889546351084813,0,0,0,1.1594202898550725,0,0.28612303290414876,0.936768149882904,1.3801756587202008,0,0.6105006105006106,0,0,0.8460236886632826,0,0,0,0,0,0.3252032520325203,1.6248153618906942,0,0,0,14.138438880706921,0.3018867924528302,0.6305170239596469
WDT,0,0,0,0,0,0,0,0,0,0,0,0,0,0,0,0,0,0,0,0,0,0,0,0,0,0,0,0,0,0,0,0,0,0.5908419497784343,0,0,0,0,3.7735849056603774,0
WP,0,0,0,0,0,0,0,0,0,0,0,0,0,0,0,0,0,0,0,0,0,0,0,0,0,0,0,0,0,0,0,10.02194586686174,0,0,0,0,0,0,4.60377358490566,0
WP$,0,0,0,0,0,0,0,0,0,0,0,0,0,0,0,0,0,0,0,0,0,0,0,0,0,0,0,0,0,0,0,0,0,0.4431314623338257,0,0,0,0,0,0
WRB,0,0,0,0,0,0,0,0,0,0,0,0,0,0,8.991228070175438,0,0,0,0,0,0,0,0,0,0,0,0,0,0,0,0,11.923920994879298,0,0,0,0,0.2304147465437788,0,0,0

Focus,0,0,99.45355191256833,98.84393063583816,90.12987012987014,85.79365304771184,0,36.51665591990964,44.646933736073,90.23104793713924,51.01092433720771,27.36199770862788,61.280386048765344,36.28348281685964,45.52195285520283,65.342656372044,0,23.07175228450966,49.26978307518337,48.633761991843905,51.04522040298419,63.64324105010278,72.83675292480031,66.27303992339006,48.527024870302135,45.592359107903,39.37739177557849,69.11496446783238,64.97824167837287,59.992278047497486,58.7733111643188,37.79186501457828,67.21611920517945,45.32283399438031,30.617283950617306,42.80286587572615,35.88070093139518,49.39597603668519,58.60406921809228,63.2618398249259

Adjective,0,0,0,0,0,0,0,6.0924369747899165,3.2327586206896552,0,2.6086956521739126,14.831460674157304,12.571428571428571,2.9585798816568047,0.43859649122807015,23.065693430656932,0,9.565217391304348,0.33726812816188867,12.44635193133047,1.405152224824356,6.398996235884567,0.24067388688327318,6.593406593406593,1.2030075187969926,14.833005893909625,7.7834179357022,0,66.66666666666667,0,0.5628517823639775,0.43891733723482085,3.902439024390244,14.32791728212703,0,23.146473779385172,5.0691244239631335,2.0618556701030926,6.415094339622642,1.008827238335435
Adverb,0,0,0,0,4.935064935064935,0,0,35.714285714285715,1.9396551724137931,0.576923076923077,1.4492753623188406,2.471910112359551,10.0,0.7889546351084813,13.37719298245614,1.313868613138686,0,7.536231884057972,1.1804384485666104,2.0028612303290414,0.468384074941452,1.0037641154328731,0.36101083032490977,2.564102564102564,6.917293233082707,1.768172888015717,32.82571912013537,0,24.958949096880133,0,0.8442776735459663,36.356986100950984,1.4634146341463417,45.347119645494836,0,0,20.161290322580644,12.15022091310751,15.320754716981133,3.278688524590164
Conjunction,0,100.0,0,0,0,0,0,0,0,0,0,0,0,0,0.8771929824561403,0,0,0,0,0,0,0,1.3237063778580023,0,0,0,0,0,0,0,7.317073170731707,12.509144111192391,0,0,0,0,0,0,0,0
Determiner,100.0,0,0,0,0,0,100.0,0,0,0,0,0,64.85714285714286,0,19.956140350877195,0,0,3.768115942028986,0,0,46.37002341920375,0,0,0,0,2.259332023575639,0,1.1378002528445006,0,0,0,0.8046817849305048,0,0.5908419497784343,0,0,0,0,4.90566037735849,0
GrammarOther,0,0,0,0,0,0,0,0,0,0,0,3.3707865168539324,0,0,0,0,0,0,5.733558178752108,0,0,0,0,0,41.65413533834587,0,0,0,0,0,0,0,9.59349593495935,0,0,0,30.184331797235025,5.743740795287187,5.735849056603773,0
Noun,0,0,0,0,0,97.51131221719459,0,28.361344537815125,20.25862068965517,0,87.82608695652173,15.505617977528091,8.285714285714285,48.91518737672584,57.675438596491226,70.65693430656934,0,33.913043478260875,4.5531197301854975,70.52932761087267,3.044496487119438,86.4491844416562,2.888086642599278,78.63247863247864,10.676691729323307,73.57563850687623,6.937394247038917,0,4.926108374384236,1.6731016731016732,10.694183864915573,4.6817849305047545,2.3577235772357725,11.964549483013295,0,69.71066907775769,3.80184331797235,0.8836524300441826,1.8867924528301887,7.818411097099622
Other,0,0,0,0,0,2.0361990950226243,0,9.663865546218487,0,0,0,0,0,0,3.070175438596491,0,0,2.608695652173913,0,0,0,0,0,3.5409035409035408,0,0.19646365422396855,0,13.147914032869783,0,0,0.5628517823639775,0,0,0,0,0,0.3456221198156682,0,0,0
Preposition,0,0,99.72677595628416,99.22928709055877,0,0,0,0,0,0,0,0,0,0,0.43859649122807015,0,100.0,0,0,0.7153075822603719,31.147540983606557,0,9.265944645006016,0,35.338345864661655,0.3929273084479371,0,0,0,0,12.007504690431519,32.04096561814191,68.78048780487805,0,34.69135802469136,0,0,0.8100147275405009,0,0
Pronoun,0,0,0,0,95.06493506493506,0,0,0,22.844827586206897,0,0,1.7977528089887642,0,29.191321499013807,0,0,0,1.1594202898550725,0,0,0,0,0,0,0,0,0,83.81795195954489,0,56.113256113256114,0,10.02194586686174,0,0.4431314623338257,65.30864197530865,0.81374321880651,0,0,64.52830188679246,0
Verb,0,0,0,0.7707129094412332,0,0.4524886877828055,0,18.067226890756302,49.35344827586208,94.61538461538461,4.3478260869565215,57.52808988764045,3.1428571428571432,15.384615384615385,2.4122807017543857,2.9197080291970803,0,34.492753623188406,83.97976391231029,7.010014306151645,17.56440281030445,3.5131744040150563,75.45126353790614,5.616605616605616,3.9097744360902253,3.2416502946954813,51.26903553299492,0.37926675094816686,0.49261083743842365,0.6435006435006435,67.07317073170731,1.9019751280175567,13.252032520325205,24.81536189069424,0,1.4466546112115732,19.12442396313364,75.77319587628865,0.4528301886792453,85.49810844892811

Focus,100.0,100.0,100.0,99.1466109405063,94.64375746751973,97.25571598789531,100.0,42.7765895689715,53.213705140563896,99.32842548112978,90.42701770778294,59.21464743927106,63.67162734152867,54.69076275597895,58.3219437374578,72.78617256658815,100.0,45.94578479776946,86.58432486818177,74.76557661174793,52.07173921707815,87.81737186884409,83.14697627189769,79.43348888716989,49.233550996439014,75.27111747797112,56.83062996373172,84.48062838377159,69.97454149362324,95.63925238747085,65.86024279264426,43.441495625069884,67.3902195903604,49.202392430403414,70.46440423880198,74.28542171810687,44.519067969090045,76.34481166428819,62.97460083645042,86.60083776391386

